company,newsroom_page,tag,link,year,base
Amazon,0,a,/news-releases/news-release-details/amazon-continues-investment-florida-deltona-fulfillment-center,2019,https://press.aboutamazon.com
Amazon,0,a,/news-releases/news-release-details/customers-shopped-record-levels-holiday-season-billions-items,2019,https://press.aboutamazon.com
Amazon,0,a,/news-releases/news-release-details/amazon-has-enabled-hundreds-small-businesses-and-created-over,2019,https://press.aboutamazon.com
Amazon,0,a,/news-releases/news-release-details/amazon-makes-returns-even-easier-holiday-free-returns-millions,2019,https://press.aboutamazon.com
Amazon,0,a,/news-releases/news-release-details/amazon-helps-keep-holidays-spoiler-free-even-more-options-track,2019,https://press.aboutamazon.com
Amazon,0,a,/news-releases/news-release-details/amazon-studios-orders-fourth-season-award-winning-comedy,2019,https://press.aboutamazon.com
Amazon,0,a,/news-releases/news-release-details/amazon-music-captures-making-mariah-careys-all-i-want-christmas,2019,https://press.aboutamazon.com
Amazon,0,a,/news-releases/news-release-details/amazon-prime-members-can-shop-millions-items-fast-and-free,2019,https://press.aboutamazon.com
Amazon,0,a,/news-releases/news-release-details/amazon-surprises-hundreds-charities-fulfilling-their-amazonsmile,2019,https://press.aboutamazon.com
Amazon,0,a,/news-releases/news-release-details/national-football-league-and-amazon-web-services-team-transform,2019,https://press.aboutamazon.com
Amazon,0,a,/news-releases/news-release-details/alexa-order-avocados-best-prime-2019-reveals-members-went-wild,2019,https://press.aboutamazon.com
Amazon,0,a,/news-releases/news-release-details/amazon-prime-video-take-fans-back-rafters-first-amazon-original,2019,https://press.aboutamazon.com
Amazon,0,a,/news-releases/news-release-details/bp-goes-all-aws-its-european-mega-data-centers,2019,https://press.aboutamazon.com
Amazon,0,a,/news-releases/news-release-details/slalom-and-aws-announce-launch-centers-help-enterprises,2019,https://press.aboutamazon.com
Amazon,0,a,/news-releases/news-release-details/aws-announces-strategic-collaboration-novartis-accelerate,2019,https://press.aboutamazon.com
Amazon,0,a,/news-releases/news-release-details/finra-cat-selects-aws-consolidated-audit-trail,2019,https://press.aboutamazon.com
Amazon,0,a,/news-releases/news-release-details/aws-announces-first-aws-local-zone-los-angeles,2019,https://press.aboutamazon.com
Amazon,0,a,/news-releases/news-release-details/aws-announces-three-new-security-offerings,2019,https://press.aboutamazon.com
Amazon,0,a,/news-releases/news-release-details/aws-and-verizon-team-deliver-5g-edge-cloud-computing,2019,https://press.aboutamazon.com
Amazon,0,a,/news-releases/news-release-details/aws-announces-six-new-amazon-sagemaker-capabilities-including,2019,https://press.aboutamazon.com
Amazon,0,a,/news-releases/news-release-details/aws-announces-amazon-managed-apache-cassandra-service,2019,https://press.aboutamazon.com
Amazon,0,a,/news-releases/news-release-details/aws-announces-aws-fargate-amazon-elastic-kubernetes-service,2019,https://press.aboutamazon.com
Amazon,0,a,/news-releases/news-release-details/aws-announces-new-analytics-capabilities-help-customers-embrace,2019,https://press.aboutamazon.com
Amazon,0,a,/news-releases/news-release-details/aws-announces-general-availability-aws-outposts,2019,https://press.aboutamazon.com
Amazon,0,a,/news-releases/news-release-details/aws-announces-contact-lens-amazon-connect-new-machine-learning,2019,https://press.aboutamazon.com
Amazon,0,a,/news-releases/news-release-details/aws-announces-nine-new-compute-and-networking-innovations-amazon,2019,https://press.aboutamazon.com
Amazon,0,a,/news-releases/news-release-details/aws-announces-five-new-machine-learning-services-reinvent-and,2019,https://press.aboutamazon.com
Amazon,0,a,/news-releases/news-release-details/aws-announces-aws-wavelength,2019,https://press.aboutamazon.com
Amazon,0,a,/news-releases/news-release-details/aws-and-fox-team-reinvent-media-content-delivery,2019,https://press.aboutamazon.com
Amazon,0,a,/news-releases/news-release-details/amazon-celebrates-giving-tuesday-delivering-smiles-toys-tots,2019,https://press.aboutamazon.com
Amazon,0,a,/news-releases/news-release-details/cerner-names-aws-its-preferred-cloud-and-machine-learning,2019,https://press.aboutamazon.com
Amazon,0,a,/news-releases/news-release-details/amazon-customers-shop-record-levels-again-holiday-season-cyber,2019,https://press.aboutamazon.com
Amazon,0,a,/news-releases/news-release-details/amazon-announces-three-new-renewable-energy-projects-us-and,2019,https://press.aboutamazon.com
Amazon,0,a,/news-releases/news-release-details/aws-announces-new-quantum-computing-service-amazon-braket-along,2019,https://press.aboutamazon.com
Amazon,0,a,/news-releases/news-release-details/formula-1-works-aws-develop-next-generation-race-car,2019,https://press.aboutamazon.com
Amazon,0,a,/news-releases/news-release-details/klarna-selects-aws-its-preferred-cloud-provider,2019,https://press.aboutamazon.com
Amazon,0,a,/news-releases/news-release-details/best-western-hotels-and-resorts-go-all-aws,2019,https://press.aboutamazon.com
Amazon,0,a,/news-releases/news-release-details/prosiebensat1-using-aws-transform-future-media-europe,2019,https://press.aboutamazon.com
Amazon,0,a,/news-releases/news-release-details/amazon-unveils-winners-us-small-business-spotlight-awards,2019,https://press.aboutamazon.com
Amazon,0,a,/news-releases/news-release-details/heres-deal-sneak-peek-amazons-biggest-cyber-monday-deals-weekend,2019,https://press.aboutamazon.com
Amazon,0,a,/news-releases/news-release-details/seattle-seahawks-select-aws-its-cloud-machine-learning-and,2019,https://press.aboutamazon.com
Amazon,0,a,/news-releases/news-release-details/ashes-amazon-amazon-original-docuseries-about-australian-mens,2019,https://press.aboutamazon.com
Amazon,0,a,/news-releases/news-release-details/john-legend-releases-beautiful-version-happy-christmas-war-over,2019,https://press.aboutamazon.com
Amazon,0,a,/news-releases/news-release-details/amazon-expands-new-fulfillment-center-auburndale-florida,2019,https://press.aboutamazon.com
Amazon,0,a,/news-releases/news-release-details/amazon-teams-ciara-inspire-students-learn-computer-science-and,2019,https://press.aboutamazon.com
Amazon,0,a,/news-releases/news-release-details/western-union-selects-aws-preferred-long-term-strategic-cloud,2019,https://press.aboutamazon.com
Amazon,0,a,/news-releases/news-release-details/salesforce-and-amazon-web-services-aws-expand-global-strategic,2019,https://press.aboutamazon.com
Amazon,0,a,/news-releases/news-release-details/amazon-continues-investment-mississippi-second-fulfillment,2019,https://press.aboutamazon.com
Amazon,0,a,/news-releases/news-release-details/amazons-black-friday-deals-week-almost-here-more-deals-day-and,2019,https://press.aboutamazon.com
Amazon,0,a,/news-releases/news-release-details/amazon-expands-las-vegas-and-announces-plans-create-125-new,2019,https://press.aboutamazon.com
Amazon,0,a,/news-releases/news-release-details/aws-announces-aws-data-exchange,2019,https://press.aboutamazon.com
Amazon,0,a,/news-releases/news-release-details/amazon-announces-best-books-2019-naming-margaret-atwoods,2019,https://press.aboutamazon.com
Amazon,0,a,/news-releases/news-release-details/amazon-announces-new-amazon-robotics-innovation-hub-and-plans,2019,https://press.aboutamazon.com
Amazon,0,a,/news-releases/news-release-details/highly-anticipated-animated-series-critical-role-legend-vox,2019,https://press.aboutamazon.com
Amazon,0,a,/news-releases/news-release-details/kacey-musgraves-christmas-show-premieres-friday-november-29,2019,https://press.aboutamazon.com
Amazon,0,a,/news-releases/news-release-details/applications-now-open-100-amazon-future-engineer-40000-college,2019,https://press.aboutamazon.com
Amazon,0,a,/news-releases/news-release-details/amazon-announces-fast-free-and-convenient-delivery-options,2019,https://press.aboutamazon.com
Amazon,0,a,/news-releases/news-release-details/amazon-announces-amazon-small-business-academy-range-educational,2019,https://press.aboutamazon.com
Amazon,0,a,/news-releases/news-release-details/aws-open-data-centers-spain,2019,https://press.aboutamazon.com
Amazon,0,a,/news-releases/news-release-details/amazon-prime-video-orders-second-season-modern-love,2019,https://press.aboutamazon.com
Amazon,0,a,/news-releases/news-release-details/amazoncom-announces-third-quarter-sales-24-700-billion,2019,https://press.aboutamazon.com
Amazon,0,a,/news-releases/news-release-details/amazon-announces-three-new-renewable-energy-projects-us-and-uk,2019,https://press.aboutamazon.com
Amazon,0,a,/news-releases/news-release-details/amazon-adds-thousands-new-locations-free-package-pickup-across,2019,https://press.aboutamazon.com
Amazon,0,a,/news-releases/news-release-details/amazons-future-engineer-program-now-funding-computer-science,2019,https://press.aboutamazon.com
Amazon,0,a,/news-releases/news-release-details/intersect-music-festival-announces-full-2019-lineup,2019,https://press.aboutamazon.com
Amazon,0,a,/news-releases/news-release-details/old-mutual-limited-selects-aws-its-preferred-cloud-provider,2019,https://press.aboutamazon.com
Amazon,0,a,/news-releases/news-release-details/amazon-announces-live-stream-behind-scenes-educational-tour,2019,https://press.aboutamazon.com
Amazon,0,a,/news-releases/news-release-details/amazon-announces-us-small-business-spotlight-awards-finalists,2019,https://press.aboutamazon.com
Amazon,0,a,/news-releases/news-release-details/howard-university-joins-amazon-studios-launch-howard,2019,https://press.aboutamazon.com
Amazon,0,a,/news-releases/news-release-details/amazon-expands-illinois-channahon-fulfillment-center,2019,https://press.aboutamazon.com
Amazon,0,a,/news-releases/news-release-details/amazoncom-webcast-third-quarter-2019-financial-results,2019,https://press.aboutamazon.com
Amazon,0,a,/news-releases/news-release-details/amazon-announces-first-fulfillment-center-idaho,2019,https://press.aboutamazon.com
Amazon,0,a,/news-releases/news-release-details/amazon-launches-amazonsg-offering-all-customers-singapore-more,2019,https://press.aboutamazon.com
Amazon,0,a,/news-releases/news-release-details/introducing-all-new-fire-hd-10-brilliant-101-full-hd-display,2019,https://press.aboutamazon.com
Amazon,0,a,/news-releases/news-release-details/amazon-announces-new-kindle-kids-edition-fire-hd-10-kids-edition,2019,https://press.aboutamazon.com
Amazon,0,a,/news-releases/news-release-details/amazoncom-inc-announces-redemption-its-2600-notes-due-december-5,2019,https://press.aboutamazon.com
Amazon,0,a,/news-releases/news-release-details/alexa-and-amazon-echo-now-available-brazil,2019,https://press.aboutamazon.com
Amazon,0,a,/news-releases/news-release-details/aws-announces-aws-iq,2019,https://press.aboutamazon.com
Amazon,0,a,/news-releases/news-release-details/amazon-introduces-eero-mesh-wifi-system-simple-reliable-home,2019,https://press.aboutamazon.com
Amazon,0,a,/news-releases/news-release-details/amazon-introduces-array-new-devices-and-features-help-make-your,2019,https://press.aboutamazon.com
Amazon,0,a,/news-releases/news-release-details/amazon-introduces-8-new-echo-devices,2019,https://press.aboutamazon.com
Amazon,0,a,/news-releases/news-release-details/amazon-prime-video-launches-new-features-thursday-night-football,2019,https://press.aboutamazon.com
Amazon,0,a,/news-releases/news-release-details/amazon-and-leading-technology-companies-announce-voice,2019,https://press.aboutamazon.com
Amazon,0,a,/news-releases/news-release-details/amazon-publishing-acquires-academy-award-winner-guillermo-del,2019,https://press.aboutamazon.com
Amazon,0,a,/news-releases/news-release-details/amazon-expands-ontario-new-fulfillment-centre-scarborough,2019,https://press.aboutamazon.com
Amazon,0,a,/news-releases/news-release-details/aws-announces-general-availability-amazon-ec2-g4-instances,2019,https://press.aboutamazon.com
Amazon,0,a,/news-releases/news-release-details/nominations-new-amazon-small-business-awards-open-now,2019,https://press.aboutamazon.com
Amazon,0,a,/news-releases/news-release-details/amazon-co-founds-climate-pledge-setting-goal-meet-paris,2019,https://press.aboutamazon.com
Amazon,0,a,/news-releases/news-release-details/shop-amazon-pay-cash,2019,https://press.aboutamazon.com
Amazon,0,a,/news-releases/news-release-details/amazon-career-day-more-200000-applications-jobs-amazon,2019,https://press.aboutamazon.com
Amazon,0,a,/news-releases/news-release-details/amazon-studios-announces-new-zealand-location-its-upcoming,2019,https://press.aboutamazon.com
Amazon,0,a,/news-releases/news-release-details/amazon-music-introduces-highest-quality-audio-streaming-amazon,2019,https://press.aboutamazon.com
Amazon,0,a,/news-releases/news-release-details/amazon-expands-chicago-tech-hub-and-announces-plans-create-400,2019,https://press.aboutamazon.com
Amazon,0,a,/news-releases/news-release-details/amazon-announces-launch-amazon-music-brazil-bringing-customers,2019,https://press.aboutamazon.com
Amazon,0,a,/news-releases/news-release-details/amazon-announces-new-dallas-fort-worth-regional-air-hub-start,2019,https://press.aboutamazon.com
Amazon,0,a,/news-releases/news-release-details/amazon-donation-brings-new-robotics-program-and-computer-science,2019,https://press.aboutamazon.com
Amazon,0,a,/news-releases/news-release-details/aws-announces-general-availability-amazon-quantum-ledger,2019,https://press.aboutamazon.com
Amazon,0,a,/news-releases/news-release-details/amazon-air-cargo-flights-partnership-red-cross-and-amazon,2019,https://press.aboutamazon.com
Amazon,0,a,/news-releases/news-release-details/amazon-announces-amazon-career-day-september-17th-30000,2019,https://press.aboutamazon.com
Amazon,0,a,/news-releases/news-release-details/amazon-announces-breakthrough-collaborations-global-retailers,2019,https://press.aboutamazon.com
Amazon,0,a,/news-releases/news-release-details/introducing-all-new-fire-tv-cube-next-generation-fire-tv,2019,https://press.aboutamazon.com
Amazon,0,a,/news-releases/news-release-details/amazonfresh-expands-indianapolis-1-and-2-hour-delivery,2019,https://press.aboutamazon.com
Amazon,0,a,/news-releases/news-release-details/amazon-prime-video-announces-new-amazon-original-stand-specials,2019,https://press.aboutamazon.com
Amazon,0,a,/news-releases/news-release-details/rihannas-savage-x-fenty-show-presented-amazon-prime-video-stream,2019,https://press.aboutamazon.com
Amazon,0,a,/news-releases/news-release-details/amazonfresh-expands-houston-minneapolis-and-phoenix-1-and-2-hour,2019,https://press.aboutamazon.com
Amazon,0,a,/news-releases/news-release-details/amazon-announces-150-new-tools-and-services-have-launched-2019,2019,https://press.aboutamazon.com
Amazon,0,a,/news-releases/news-release-details/aws-announces-general-availability-amazon-forecast,2019,https://press.aboutamazon.com
Amazon,0,a,/news-releases/news-release-details/amazon-expands-portland-tech-hub-and-announces-plans-create-400,2019,https://press.aboutamazon.com
Amazon,0,a,/news-releases/news-release-details/rebel-wilson-teams-amazon-prime-video-host-first-australian,2019,https://press.aboutamazon.com
Amazon,0,a,/news-releases/news-release-details/amazon-announces-plans-expand-utah-new-fulfillment-center-west,2019,https://press.aboutamazon.com
Amazon,0,a,/news-releases/news-release-details/globe-and-mail-selects-aws-its-preferred-cloud-provider,2019,https://press.aboutamazon.com
Amazon,0,a,/news-releases/news-release-details/aws-announces-general-availability-aws-lake-formation,2019,https://press.aboutamazon.com
Amazon,0,a,/news-releases/news-release-details/amazons-treasure-truck-celebrates-millions-subscribers-announces,2019,https://press.aboutamazon.com
Amazon,0,a,/news-releases/news-release-details/amazon-introduces-new-exclusive-prime-student-benefit-amazon,2019,https://press.aboutamazon.com
Amazon,0,a,/news-releases/news-release-details/alexa-donate-happy-school-year,2019,https://press.aboutamazon.com
Amazon,0,a,/news-releases/news-release-details/amazon-continues-investments-renewable-energy-announces-two-new,2019,https://press.aboutamazon.com
Amazon,0,a,/news-releases/news-release-details/amazon-announces-plans-expand-pennsylvania-new-pittsburgh,2019,https://press.aboutamazon.com
Amazon,0,a,/news-releases/news-release-details/aws-launches-region-middle-east,2019,https://press.aboutamazon.com
Amazon,0,a,/news-releases/news-release-details/five-kindle-direct-publishing-authors-win-top-romance-writing-0,2019,https://press.aboutamazon.com
Amazon,0,a,/news-releases/news-release-details/amazoncom-announces-second-quarter-sales-20-634-billion,2019,https://press.aboutamazon.com
Amazon,0,a,/news-releases/news-release-details/amazon-continues-drive-shipment-zero-announces-early-completion,2019,https://press.aboutamazon.com
Amazon,0,a,/news-releases/news-release-details/dean-koontz-signs-new-five-book-deal-amazon-publishing,2019,https://press.aboutamazon.com
Amazon,0,a,/news-releases/news-release-details/amazon-announces-plans-expand-ohio-two-new-amazon-robotics,2019,https://press.aboutamazon.com
Amazon,0,a,/news-releases/news-release-details/alexa-how-was-prime-day-prime-day-2019-surpassed-black-friday,2019,https://press.aboutamazon.com
Amazon,0,a,/news-releases/news-release-details/prime-day-update-24-hours-left-shop-thousands-new-deals,2019,https://press.aboutamazon.com
Amazon,0,a,/news-releases/news-release-details/starting-monday-july-15-ask-alexa-what-are-my-prime-day-deals-0,2019,https://press.aboutamazon.com
Amazon,0,a,/news-releases/news-release-details/amazoncom-webcast-second-quarter-2019-financial-results,2019,https://press.aboutamazon.com
Amazon,0,a,/news-releases/news-release-details/pro-football-focus-selects-aws-its-official-cloud-and-machine,2019,https://press.aboutamazon.com
Amazon,0,a,/news-releases/news-release-details/amazon-pledges-upskill-100000-us-employees-demand-jobs-2025,2019,https://press.aboutamazon.com
Amazon,0,a,/news-releases/news-release-details/amazon-launches-transparency-europe-india-and-canada-product,2019,https://press.aboutamazon.com
Amazon,0,a,/news-releases/news-release-details/whole-foods-market-celebrates-prime-members-exclusive-deals,2019,https://press.aboutamazon.com
Amazon,0,a,/news-releases/news-release-details/amazon-delivering-star-studded-deals-members-prime-day,2019,https://press.aboutamazon.com
Amazon,0,a,/news-releases/news-release-details/alexa-remind-me-shop-deals-prime-day,2019,https://press.aboutamazon.com
Amazon,0,a,/news-releases/news-release-details/amazon-introduces-counter-us-where-customers-can-pick-their,2019,https://press.aboutamazon.com
Amazon,0,a,/news-releases/news-release-details/amazon-music-announces-taylor-swift-headline-prime-day-concert,2019,https://press.aboutamazon.com
Amazon,0,a,/news-releases/news-release-details/amazon-and-seattle-public-schools-team-bring-computer-science,2019,https://press.aboutamazon.com
Amazon,0,a,/news-releases/news-release-details/alexa-when-prime-day-july-15-16-will-be-two-day-parade-epic,2019,https://press.aboutamazon.com
Amazon,0,a,/news-releases/news-release-details/aws-announces-general-availability-aws-security-hub,2019,https://press.aboutamazon.com
Amazon,0,a,/news-releases/news-release-details/aws-announces-general-availability-aws-control-tower,2019,https://press.aboutamazon.com
Amazon,0,a,/news-releases/news-release-details/amazon-studios-endgame-entertainment-begin-production-mike,2019,https://press.aboutamazon.com
Amazon,0,a,/news-releases/news-release-details/amazon-kicks-summer-college-store-launch-one-stop-shop-college,2019,https://press.aboutamazon.com
Amazon,0,a,/news-releases/news-release-details/amazonfresh-expands-las-vegas-1-and-2-hour-delivery,2019,https://press.aboutamazon.com
Amazon,0,a,/news-releases/news-release-details/amazon-announces-best-books-2019-so-far,2019,https://press.aboutamazon.com
Amazon,0,a,/news-releases/news-release-details/continued-growth-amazons-air-network-expand-prime-fast-free,2019,https://press.aboutamazon.com
Amazon,0,a,/news-releases/news-release-details/amazon-studios-begins-production-richard-tannes-chemical-hearts,2019,https://press.aboutamazon.com
Amazon,0,a,/news-releases/news-release-details/amazon-announces-latest-effort-fight-homelessness-8-million,2019,https://press.aboutamazon.com
Amazon,0,a,/news-releases/news-release-details/amazon-prime-launches-uae,2019,https://press.aboutamazon.com
Amazon,0,a,/news-releases/news-release-details/aws-announces-general-availability-amazon-personalize,2019,https://press.aboutamazon.com
Amazon,0,a,/news-releases/news-release-details/nascar-selects-aws-its-preferred-cloud-computing-cloud-machine,2019,https://press.aboutamazon.com
Amazon,0,a,/news-releases/news-release-details/aws-announces-general-availability-amazon-managed-streaming,2019,https://press.aboutamazon.com
Amazon,0,a,/news-releases/news-release-details/amazon-provides-1m-donation-support-red-cross-critical-right-now,2019,https://press.aboutamazon.com
Amazon,0,a,/news-releases/news-release-details/aws-announces-general-availability-amazon-textract,2019,https://press.aboutamazon.com
Amazon,0,a,/news-releases/news-release-details/amazon-introduces-echo-show-5-compact-design-rich-sound-and,2019,https://press.aboutamazon.com
Amazon,0,a,/news-releases/news-release-details/emirates-nbd-building-artificial-intelligence-enabled-bank,2019,https://press.aboutamazon.com
Amazon,0,a,/news-releases/news-release-details/mindy-kaling-publish-new-essay-collection-amazon-available-free,2019,https://press.aboutamazon.com
Amazon,0,a,/news-releases/news-release-details/amazon-launches-support-traditional-chinese-books-kindle,2019,https://press.aboutamazon.com
Amazon,0,a,/news-releases/news-release-details/aws-announces-general-availability-aws-ground-station,2019,https://press.aboutamazon.com
Amazon,0,a,/news-releases/news-release-details/amazon-literary-partnership-announces-2019-grant-recipients,2019,https://press.aboutamazon.com
Amazon,0,a,/news-releases/news-release-details/introducing-all-new-fire-7-kids-edition-next-generation-amazons,2019,https://press.aboutamazon.com
Amazon,0,a,/news-releases/news-release-details/introducing-all-new-amazon-fire-7-faster-processor-2x-storage,2019,https://press.aboutamazon.com
Amazon,0,a,/news-releases/news-release-details/amazon-providing-access-over-9-million-school-breakfasts-more,2019,https://press.aboutamazon.com
Amazon,0,a,/news-releases/news-release-details/amazon-launches-kindle-lite-kenya-free-2-mb-app-android,2019,https://press.aboutamazon.com
Amazon,0,a,/news-releases/news-release-details/employees-turned-entrepreneurs-new-amazon-initiative-helps,2019,https://press.aboutamazon.com
Amazon,0,a,/news-releases/news-release-details/introducing-all-new-blink-xt2-next-gen-outdoorindoor-smart,2019,https://press.aboutamazon.com
Amazon,0,a,/news-releases/news-release-details/amazon-publishes-2019-smb-impact-report-launches-build-your,2019,https://press.aboutamazon.com
Amazon,0,a,/news-releases/news-release-details/souq-becomes-amazonae-uae,2019,https://press.aboutamazon.com
Amazon,0,a,/news-releases/news-release-details/amazon-reveals-top-10-states-fastest-growing-small-and-medium,2019,https://press.aboutamazon.com
Amazon,0,a,/news-releases/news-release-details/amazon-expands-grocery-delivery-whole-foods-market-thirteen,2019,https://press.aboutamazon.com
Amazon,0,a,/news-releases/news-release-details/aws-announces-general-availability-amazon-managed-blockchain,2019,https://press.aboutamazon.com
Amazon,0,a,/news-releases/news-release-details/amazon-expands-denver-tech-hub-and-announces-plans-create-400,2019,https://press.aboutamazon.com
Amazon,0,a,/news-releases/news-release-details/montlake-romance-publish-international-bestselling-author-sylvia,2019,https://press.aboutamazon.com
Amazon,0,a,/news-releases/news-release-details/amazoncom-announces-first-quarter-sales-17-597-billion,2019,https://press.aboutamazon.com
Amazon,0,a,/news-releases/news-release-details/aws-launches-new-region-hong-kong,2019,https://press.aboutamazon.com
Amazon,0,a,/news-releases/news-release-details/vertafore-selects-aws-its-preferred-cloud-provider,2019,https://press.aboutamazon.com
Amazon,0,a,/news-releases/news-release-details/key-garage-available-starting-today,2019,https://press.aboutamazon.com
Amazon,0,a,/news-releases/news-release-details/amazon-and-google-announce-official-youtube-apps-launch-fire-tv,2019,https://press.aboutamazon.com
Amazon,0,a,/news-releases/news-release-details/amazon-publishing-brings-together-bestselling-and-award-winning,2019,https://press.aboutamazon.com
Amazon,0,a,/news-releases/news-release-details/amazon-provides-robotics-grants-100-schools-underserved-and,2019,https://press.aboutamazon.com
Amazon,0,a,/news-releases/news-release-details/amazoncom-webcast-first-quarter-2019-financial-results,2019,https://press.aboutamazon.com
Amazon,0,a,/news-releases/news-release-details/amazon-expands-grocery-delivery-whole-foods-market-asheville,2019,https://press.aboutamazon.com
Amazon,0,a,/news-releases/news-release-details/amazon-releases-50-new-tools-and-services-selling-partners,2019,https://press.aboutamazon.com
Amazon,0,a,/news-releases/news-release-details/amazon-announces-three-new-renewable-energy-projects-support-aws,2019,https://press.aboutamazon.com
Amazon,0,a,/news-releases/news-release-details/aws-open-new-region-indonesia,2019,https://press.aboutamazon.com
Amazon,0,a,/news-releases/news-release-details/amazon-awards-40000-scholarships-and-guaranteed-internship,2019,https://press.aboutamazon.com
Amazon,0,a,/news-releases/news-release-details/amazon-expands-austin-tech-hub-and-announces-plans-create-800,2019,https://press.aboutamazon.com
Amazon,0,a,/news-releases/news-release-details/aws-announces-general-availability-concurrency-scaling-amazon,2019,https://press.aboutamazon.com
Amazon,0,a,/news-releases/news-release-details/aws-announces-general-availability-amazon-s3-glacier-deep,2019,https://press.aboutamazon.com
Amazon,0,a,/news-releases/news-release-details/open-business-shop-amazons-curated-storefront-2019-coachella,2019,https://press.aboutamazon.com
Amazon,0,a,/news-releases/news-release-details/volkswagen-and-aws-join-forces-transform-automotive,2019,https://press.aboutamazon.com
Amazon,0,a,/news-releases/news-release-details/standard-bank-group-selects-aws-its-preferred-cloud-provider,2019,https://press.aboutamazon.com
Amazon,0,a,/news-releases/news-release-details/amazon-selling-partner-conferences-sell-out-six-weeks-1800-small,2019,https://press.aboutamazon.com
Amazon,0,a,/news-releases/news-release-details/mlbtv-now-available-prime-video-channels,2019,https://press.aboutamazon.com
Amazon,0,a,/news-releases/news-release-details/all-new-kindle-now-adjustable-front-light-just-8999,2019,https://press.aboutamazon.com
Amazon,0,a,/news-releases/news-release-details/amazon-kicks-spring-launch-belei-its-first-dedicated-skincare,2019,https://press.aboutamazon.com
Amazon,0,a,/news-releases/news-release-details/gogo-goes-all-aws,2019,https://press.aboutamazon.com
Amazon,0,a,/news-releases/news-release-details/greater-adoption-digital-tools-rural-america-could-add-140,2019,https://press.aboutamazon.com
Amazon,0,a,/news-releases/news-release-details/amazon-prime-members-pick-your-delivery-day-plan-your-week,2019,https://press.aboutamazon.com
Amazon,0,a,/news-releases/news-release-details/lyft-goes-all-aws,2019,https://press.aboutamazon.com
Amazon,0,a,/news-releases/news-release-details/amazon-future-engineer-brings-computer-science-courses-more-1000,2019,https://press.aboutamazon.com
Amazon,0,a,/news-releases/news-release-details/second-spectrum-and-la-clippers-select-aws-official-cloud-and,2019,https://press.aboutamazon.com
Amazon,0,a,/news-releases/news-release-details/forgot-sunscreen-sandals-or-sunglasses-customers-can-shop-and,2019,https://press.aboutamazon.com
Amazon,0,a,/news-releases/news-release-details/amazon-acquire-eero-help-customers-better-connect-smart-home,2019,https://press.aboutamazon.com
Amazon,0,a,/news-releases/news-release-details/amazon-crossing-publish-true-crime-story-archives-stieg-larsson,2019,https://press.aboutamazon.com
Amazon,0,a,/news-releases/news-release-details/guinness-six-nations-championship-use-aws-analytics-machine,2019,https://press.aboutamazon.com
Amazon,0,a,/news-releases/news-release-details/amazoncom-announces-fourth-quarter-sales-20-724-billion,2019,https://press.aboutamazon.com
Amazon,0,a,/news-releases/news-release-details/amazon-teams-new-york-city-and-state-colleges-launch-pathway,2019,https://press.aboutamazon.com
Amazon,0,a,/news-releases/news-release-details/amazon-future-engineer-program-fund-computer-science-courses,2019,https://press.aboutamazon.com
Amazon,0,a,/news-releases/news-release-details/amazon-publishing-announces-amazon-crossing-kids-imprint,2019,https://press.aboutamazon.com
Amazon,0,a,/news-releases/news-release-details/aws-announces-amazon-worklink,2019,https://press.aboutamazon.com
Amazon,0,a,/news-releases/news-release-details/amazon-stores-helping-build-future-business-more-50000-small-and,2019,https://press.aboutamazon.com
Amazon,0,a,/news-releases/news-release-details/amazoncom-webcast-fourth-quarter-2018-financial-results,2019,https://press.aboutamazon.com
Amazon,0,a,/news-releases/news-release-details/amazon-web-services-announces-aws-backup,2019,https://press.aboutamazon.com
Amazon,0,a,/news-releases/news-release-details/choice-hotels-goes-all-aws,2019,https://press.aboutamazon.com
Amazon,0,a,/news-releases/news-release-details/aws-announces-amazon-documentdb-mongodb-compatibility,2019,https://press.aboutamazon.com
Amazon,0,a,/news-releases/news-release-details/key-amazon-introduces-new-products-and-services-expand-its,2019,https://press.aboutamazon.com
Amazon,1,a,/news-releases/news-release-details/amazon-announces-first-fulfillment-center-louisiana,2020,https://press.aboutamazon.com
Amazon,1,a,/news-releases/news-release-details/amazon-announces-two-new-fulfillment-centers-and-new-delivery,2020,https://press.aboutamazon.com
Amazon,1,a,/news-releases/news-release-details/amazon-delivers-gift-football-prime-members-nfl-holiday-blitz,2020,https://press.aboutamazon.com
Amazon,1,a,/news-releases/news-release-details/amazon-announces-first-fulfillment-center-south-dakota,2020,https://press.aboutamazon.com
Amazon,1,a,/news-releases/news-release-details/amazon-announces-new-fulfillment-center-north-little-rock,2020,https://press.aboutamazon.com
Amazon,1,a,/news-releases/news-release-details/amazon-offers-customers-free-convenient-and-easy-returns-more,2020,https://press.aboutamazon.com
Amazon,1,a,/news-releases/news-release-details/twitter-selects-aws-strategic-provider-serve-timelines,2020,https://press.aboutamazon.com
Amazon,1,a,/news-releases/news-release-details/star-alliance-goes-all-aws-invent-next-era-air-travel,2020,https://press.aboutamazon.com
Amazon,1,a,/news-releases/news-release-details/nationwide-selects-aws-its-preferred-cloud-provider-deliver,2020,https://press.aboutamazon.com
Amazon,1,a,/news-releases/news-release-details/amazon-becomes-worlds-largest-corporate-purchaser-renewable,2020,https://press.aboutamazon.com
Amazon,1,a,/news-releases/news-release-details/aws-and-arm-demonstrate-production-scale-electronic-design,2020,https://press.aboutamazon.com
Amazon,1,a,/news-releases/news-release-details/unilever-microsoft-brooks-neste-and-itv-are-among-13-more,2020,https://press.aboutamazon.com
Amazon,1,a,/news-releases/news-release-details/aws-announces-nine-new-amazon-sagemaker-capabilities,2020,https://press.aboutamazon.com
Amazon,1,a,/news-releases/news-release-details/aws-announces-amazon-healthlake,2020,https://press.aboutamazon.com
Amazon,1,a,/news-releases/news-release-details/thomson-reuters-taps-aws-power-digital-transformation,2020,https://press.aboutamazon.com
Amazon,1,a,/news-releases/news-release-details/aws-and-viacomcbs-expand-strategic-agreement-transform-content,2020,https://press.aboutamazon.com
Amazon,1,a,/news-releases/news-release-details/bmw-group-and-aws-team-accelerate-data-driven-innovation,2020,https://press.aboutamazon.com
Amazon,1,a,/news-releases/news-release-details/aws-announces-plans-open-second-region-australia,2020,https://press.aboutamazon.com
Amazon,1,a,/news-releases/news-release-details/amazon-announces-new-fulfillment-center-missouri-city-tx,2020,https://press.aboutamazon.com
Amazon,1,a,/news-releases/news-release-details/aws-announces-partnership-mgm-modernize-its-media-supply-chain,2020,https://press.aboutamazon.com
Amazon,1,a,/news-releases/news-release-details/amazon-donates-225-million-housing-fund-help-preserve,2020,https://press.aboutamazon.com
Amazon,1,a,/news-releases/news-release-details/amazon-and-yeti-file-joint-lawsuit-against-counterfeiters,2020,https://press.aboutamazon.com
Amazon,1,a,/news-releases/news-release-details/amazon-announces-new-fulfillment-center-oklahoma-city,2020,https://press.aboutamazon.com
Amazon,1,a,/news-releases/news-release-details/siemens-smart-infrastructure-chooses-aws-its-preferred-cloud,2020,https://press.aboutamazon.com
Amazon,1,a,/news-releases/news-release-details/uber-rivian-jetblue-cabify-and-boom-supersonic-sign-climate,2020,https://press.aboutamazon.com
Amazon,1,a,/news-releases/news-release-details/amazon-continues-investment-nevada-thousands-jobs-support,2020,https://press.aboutamazon.com
Amazon,1,a,/news-releases/news-release-details/aws-announces-five-industrial-machine-learning-services,2020,https://press.aboutamazon.com
Amazon,1,a,/news-releases/news-release-details/aws-announces-next-version-amazon-aurora-serverless-new,2020,https://press.aboutamazon.com
Amazon,1,a,/news-releases/news-release-details/aws-announces-amazon-devops-guru,2020,https://press.aboutamazon.com
Amazon,1,a,/news-releases/news-release-details/aws-announces-five-new-capabilities-amazon-connect-helping,2020,https://press.aboutamazon.com
Amazon,1,a,/news-releases/news-release-details/aws-announces-three-new-analytics-capabilities,2020,https://press.aboutamazon.com
Amazon,1,a,/news-releases/news-release-details/aws-announces-four-storage-innovations,2020,https://press.aboutamazon.com
Amazon,1,a,/news-releases/news-release-details/aws-announces-four-new-container-capabilities,2020,https://press.aboutamazon.com
Amazon,1,a,/news-releases/news-release-details/aws-announces-multiple-new-compute-innovations-including-five,2020,https://press.aboutamazon.com
Amazon,1,a,/news-releases/news-release-details/boom-supersonic-goes-all-aws,2020,https://press.aboutamazon.com
Amazon,1,a,/news-releases/news-release-details/aws-and-blackberry-join-forces-accelerate-innovation-new,2020,https://press.aboutamazon.com
Amazon,1,a,/news-releases/news-release-details/aws-announces-mac-instances-amazon-ec2,2020,https://press.aboutamazon.com
Amazon,1,a,/news-releases/news-release-details/aws-and-zoom-extend-strategic-relationship,2020,https://press.aboutamazon.com
Amazon,1,a,/news-releases/news-release-details/itau-unibanco-selects-aws-its-long-term-strategic-cloud-provider,2020,https://press.aboutamazon.com
Amazon,1,a,/news-releases/news-release-details/amazon-launches-ip-accelerator-europe-help-small-businesses,2020,https://press.aboutamazon.com
Amazon,1,a,/news-releases/news-release-details/aws-announces-general-availability-amazon-managed-workflows,2020,https://press.aboutamazon.com
Amazon,1,a,/news-releases/news-release-details/ipr-center-amazon-launch-operation-fulfilled-action-stop,2020,https://press.aboutamazon.com
Amazon,1,a,/news-releases/news-release-details/mercado-libre-selects-aws-its-primary-cloud-provider-accelerate,2020,https://press.aboutamazon.com
Amazon,1,a,/news-releases/news-release-details/zalando-selects-aws-its-preferred-cloud-provider,2020,https://press.aboutamazon.com
Amazon,1,a,/news-releases/news-release-details/miley-cyrus-kicks-amazon-music-holiday-plays-weekly-concert,2020,https://press.aboutamazon.com
Amazon,1,a,/news-releases/news-release-details/amazons-sneak-peek-cyber-monday-here-weekend-shop-and-score-even,2020,https://press.aboutamazon.com
Amazon,1,a,/news-releases/news-release-details/amazon-offers-new-ways-track-receive-and-pick-holiday-orders,2020,https://press.aboutamazon.com
Amazon,1,a,/news-releases/news-release-details/amazon-announces-2020s-best-books-year,2020,https://press.aboutamazon.com
Amazon,1,a,/news-releases/news-release-details/amazon-and-global-optimism-welcome-henkel-and-signify-climate,2020,https://press.aboutamazon.com
Amazon,1,a,/news-releases/news-release-details/aws-announces-general-availability-aws-network-firewall,2020,https://press.aboutamazon.com
Amazon,1,a,/news-releases/news-release-details/price-gougers-caught-amazon-are-prosecuted-new-york-attorney,2020,https://press.aboutamazon.com
Amazon,1,a,/news-releases/news-release-details/introducing-amazon-pharmacy-prescription-medications-delivered,2020,https://press.aboutamazon.com
Amazon,1,a,/news-releases/news-release-details/amazon-named-low-price-leader-new-study,2020,https://press.aboutamazon.com
Amazon,1,a,/news-releases/news-release-details/amazon-black-friday-deals-week-starts-friday-november-20-score-0,2020,https://press.aboutamazon.com
Amazon,1,a,/news-releases/news-release-details/amazon-announces-new-state-art-fulfillment-center-be-built,2020,https://press.aboutamazon.com
Amazon,1,a,/news-releases/news-release-details/amazon-files-lawsuit-against-counterfeiters-using-social-media,2020,https://press.aboutamazon.com
Amazon,1,a,/news-releases/news-release-details/amazon-garage-delivery-expands-millions-more-prime-members-over,2020,https://press.aboutamazon.com
Amazon,1,a,/news-releases/news-release-details/amazon-music-kicks-holidays-new-amazon-original-songs-justin-0,2020,https://press.aboutamazon.com
Amazon,1,a,/news-releases/news-release-details/standard-chartered-selects-aws-power-its-strategic-banking,2020,https://press.aboutamazon.com
Amazon,1,a,/news-releases/news-release-details/aws-announces-aws-glue-databrew,2020,https://press.aboutamazon.com
Amazon,1,a,/news-releases/news-release-details/aws-announces-plans-launch-second-region-india,2020,https://press.aboutamazon.com
Amazon,1,a,/news-releases/news-release-details/amazon-announces-first-fulfillment-center-republic-missouri,2020,https://press.aboutamazon.com
Amazon,1,a,/news-releases/news-release-details/aws-announces-general-availability-amazon-ec2-p4d-instances-ec2,2020,https://press.aboutamazon.com
Amazon,1,a,/news-releases/news-release-details/aws-open-data-centers-switzerland,2020,https://press.aboutamazon.com
Amazon,1,a,/news-releases/news-release-details/amazon-announces-first-fulfillment-center-north-dakota,2020,https://press.aboutamazon.com
Amazon,1,a,/news-releases/news-release-details/amazoncom-announces-third-quarter-results,2020,https://press.aboutamazon.com
Amazon,1,a,/news-releases/news-release-details/amazon-investigation-leads-arrest-indictment-tampa-bay-woman,2020,https://press.aboutamazon.com
Amazon,1,a,/news-releases/news-release-details/amazon-studios-teams-homeboy-industries-provide-meals-los,2020,https://press.aboutamazon.com
Amazon,1,a,/news-releases/news-release-details/aws-announces-general-availability-nitro-enclaves,2020,https://press.aboutamazon.com
Amazon,1,a,/news-releases/news-release-details/amazon-announces-first-fulfillment-center-nebraska,2020,https://press.aboutamazon.com
Amazon,1,a,/news-releases/news-release-details/amazon-promotes-over-35000-employees-across-north-america,2020,https://press.aboutamazon.com
Amazon,1,a,/news-releases/news-release-details/amazon-announces-first-fulfillment-center-waco-tx,2020,https://press.aboutamazon.com
Amazon,1,a,/news-releases/news-release-details/amazon-and-small-business-jl-childress-file-joint-lawsuit,2020,https://press.aboutamazon.com
Amazon,1,a,/news-releases/news-release-details/amazon-donates-millions-items-more-one-thousand-charities,2020,https://press.aboutamazon.com
Amazon,1,a,/news-releases/news-release-details/amazon-announces-two-new-fulfillment-centers-kansas,2020,https://press.aboutamazon.com
Amazon,1,a,/news-releases/news-release-details/shop-now-save-now-amazons-holiday-dash-event-starts-today-black,2020,https://press.aboutamazon.com
Amazon,1,a,/news-releases/news-release-details/amazoncom-webcast-third-quarter-2020-financial-results,2020,https://press.aboutamazon.com
Amazon,1,a,/news-releases/news-release-details/amazon-prime-day-2020-marked-two-biggest-days-ever-small-medium,2020,https://press.aboutamazon.com
Amazon,1,a,/news-releases/news-release-details/amazon-music-releases-first-one-podcast-dj-khaled,2020,https://press.aboutamazon.com
Amazon,1,a,/news-releases/news-release-details/prime-day-deals-revealed-jumpstart-your-holiday-shopping-october,2020,https://press.aboutamazon.com
Amazon,1,a,/news-releases/news-release-details/carrier-and-aws-collaborate-transform-how-food-medicine-vaccines,2020,https://press.aboutamazon.com
Amazon,1,a,/news-releases/news-release-details/amazon-launches-innovative-right-now-needs-fund-help-remove,2020,https://press.aboutamazon.com
Amazon,1,a,/news-releases/news-release-details/introducing-eero-service-providers,2020,https://press.aboutamazon.com
Amazon,1,a,/news-releases/news-release-details/fired-amazon-employee-arrested-after-amazon-reported-him-federal,2020,https://press.aboutamazon.com
Amazon,1,a,/news-releases/news-release-details/more-games-more-talent-and-more-control-fans-amazon-delivers,2020,https://press.aboutamazon.com
Amazon,1,a,/news-releases/news-release-details/amazon-music-partners-universal-music-group-and-warner-music,2020,https://press.aboutamazon.com
Amazon,1,a,/news-releases/news-release-details/amazon-expands-support-address-immediate-needs-including-shelter,2020,https://press.aboutamazon.com
Amazon,1,a,/news-releases/news-release-details/aws-announces-general-availability-amazon-timestream,2020,https://press.aboutamazon.com
Amazon,1,a,/news-releases/news-release-details/amazon-transparency-launches-japan-australia,2020,https://press.aboutamazon.com
Amazon,1,a,/news-releases/news-release-details/amazon-surpasses-215-million-donations-charities-through,2020,https://press.aboutamazon.com
Amazon,1,a,/news-releases/news-release-details/mark-your-calendars-prime-day-here-time-holidays-october-13-14,2020,https://press.aboutamazon.com
Amazon,1,a,/news-releases/news-release-details/wi-fi-6-here-amazon-introduces-all-new-eero-6-series-mesh-wifi,2020,https://press.aboutamazon.com
Amazon,1,a,/news-releases/news-release-details/amazon-announces-next-generation-fire-tv-stick-fire-tv-stick,2020,https://press.aboutamazon.com
Amazon,1,a,/news-releases/news-release-details/introducing-luna-amazons-new-cloud-gaming-service-where-its-easy,2020,https://press.aboutamazon.com
Amazon,1,a,/news-releases/news-release-details/introducing-all-new-echo-family-reimagined-inside-and-out,2020,https://press.aboutamazon.com
Amazon,1,a,/news-releases/news-release-details/howard-university-and-amazon-studios-announce-continuation,2020,https://press.aboutamazon.com
Amazon,1,a,/news-releases/news-release-details/best-buy-mckinstry-real-betis-schneider-electric-and-siemens,2020,https://press.aboutamazon.com
Amazon,1,a,/news-releases/news-release-details/amazon-launches-climate-pledge-friendly-make-it-easier-customers,2020,https://press.aboutamazon.com
Amazon,1,a,/news-releases/news-release-details/amazon-supports-department-justices-prosecution-six-defendants,2020,https://press.aboutamazon.com
Amazon,1,a,/news-releases/news-release-details/amazon-announces-first-recipients-investments-2-billion-climate,2020,https://press.aboutamazon.com
Amazon,1,a,/news-releases/news-release-details/amazon-career-day-2020-more-300000-people-attended-event-and,2020,https://press.aboutamazon.com
Amazon,1,a,/news-releases/news-release-details/amazon-music-launches-podcasts-customers-across-us-uk-germany,2020,https://press.aboutamazon.com
Amazon,1,a,/news-releases/news-release-details/arcelik-chooses-aws-transform-its-appliance-manufacturing,2020,https://press.aboutamazon.com
Amazon,1,a,/news-releases/news-release-details/amazon-announces-new-shopping-experience-luxury-stores,2020,https://press.aboutamazon.com
Amazon,1,a,/news-releases/news-release-details/amazon-provide-computer-science-education-more-550000-k-12,2020,https://press.aboutamazon.com
Amazon,1,a,/news-releases/news-release-details/creating-more-job-opportunities-amazon-hiring-100000-new-full,2020,https://press.aboutamazon.com
Amazon,1,a,/news-releases/news-release-details/amazons-beaumont-fulfillment-center-now-open-business,2020,https://press.aboutamazon.com
Amazon,1,a,/news-releases/news-release-details/aws-and-national-football-league-announce-new-next-gen-stats,2020,https://press.aboutamazon.com
Amazon,1,a,/news-releases/news-release-details/amazon-announces-career-day-2020-33000-corporate-and-tech-jobs,2020,https://press.aboutamazon.com
Amazon,1,a,/news-releases/news-release-details/amazon-launchpad-celebrates-five-years-empowering-startups,2020,https://press.aboutamazon.com
Amazon,1,a,/news-releases/news-release-details/weta-digital-advances-visual-effects-and-animation-cloud-aws,2020,https://press.aboutamazon.com
Amazon,1,a,/news-releases/news-release-details/amazons-blink-unveils-new-wireless-security-cameras-hd-video,2020,https://press.aboutamazon.com
Amazon,1,a,/news-releases/news-release-details/amazon-track-invest-18-billion-2020-help-small-and-medium-sized,2020,https://press.aboutamazon.com
Amazon,1,a,/news-releases/news-release-details/indeed-selects-aws-its-preferred-cloud-drive-efficiencies-across,2020,https://press.aboutamazon.com
Amazon,1,a,/news-releases/news-release-details/amazon-music-and-twitch-partner-combine-live-streaming-demand,2020,https://press.aboutamazon.com
Amazon,1,a,/news-releases/news-release-details/mercedes-benz-joins-climate-pledge-and-delivers-more-1800,2020,https://press.aboutamazon.com
Amazon,1,a,/news-releases/news-release-details/introducing-amazon-halo-and-amazon-halo-band-new-service-helps,2020,https://press.aboutamazon.com
Amazon,1,a,/news-releases/news-release-details/aws-announces-general-availability-amazon-ebs-io2-volume,2020,https://press.aboutamazon.com
Amazon,1,a,/news-releases/news-release-details/amazon-supports-resolution-3m-case-against-fraudsters,2020,https://press.aboutamazon.com
Amazon,1,a,/news-releases/news-release-details/amazon-supports-investigation-and-prosecution-four-new-york,2020,https://press.aboutamazon.com
Amazon,1,a,/news-releases/news-release-details/amazon-add-thousands-jobs-phoenix-metro-area,2020,https://press.aboutamazon.com
Amazon,1,a,/news-releases/news-release-details/amazon-announces-plans-create-3500-new-jobs-us-tech-hubs-dallas,2020,https://press.aboutamazon.com
Amazon,1,a,/news-releases/news-release-details/aws-announces-general-availability-amazon-braket,2020,https://press.aboutamazon.com
Amazon,1,a,/news-releases/news-release-details/amazon-announces-new-fulfillment-center-and-delivery-station,2020,https://press.aboutamazon.com
Amazon,1,a,/news-releases/news-release-details/amazon-and-kf-beauty-file-joint-lawsuit-against-counterfeiters,2020,https://press.aboutamazon.com
Amazon,1,a,/news-releases/news-release-details/jack-box-goes-all-aws,2020,https://press.aboutamazon.com
Amazon,1,a,/news-releases/news-release-details/amazon-project-zero-launches-seven-new-countries,2020,https://press.aboutamazon.com
Amazon,1,a,/news-releases/news-release-details/aws-announces-general-availability-aws-wavelength-boston-and-san,2020,https://press.aboutamazon.com
Amazon,1,a,/news-releases/news-release-details/aws-powers-modernas-digital-biotechnology-platform-develop-new,2020,https://press.aboutamazon.com
Amazon,1,a,/news-releases/news-release-details/amazon-announces-plans-expand-tampa-bay-area,2020,https://press.aboutamazon.com
Amazon,1,a,/news-releases/news-release-details/global-payments-joins-forces-aws-deliver-future-payments,2020,https://press.aboutamazon.com
Amazon,1,a,/news-releases/news-release-details/n-k-jemisins-short-story-emergency-skin-wins-2020-hugo-award,2020,https://press.aboutamazon.com
Amazon,1,a,/news-releases/news-release-details/amazoncom-announces-second-quarter-results,2020,https://press.aboutamazon.com
Amazon,1,a,/news-releases/news-release-details/aws-announces-general-availability-amazon-fraud-detector,2020,https://press.aboutamazon.com
Amazon,1,a,/news-releases/news-release-details/amazon-helps-fight-hunger-6-million-meals-74-million-pounds-food,2020,https://press.aboutamazon.com
Amazon,1,a,/news-releases/news-release-details/amazon-continues-investment-tennessee-mt-juliet-fulfillment,2020,https://press.aboutamazon.com
Amazon,1,a,/news-releases/news-release-details/aws-announces-general-availability-contact-lens-amazon-connect,2020,https://press.aboutamazon.com
Amazon,1,a,/news-releases/news-release-details/amazon-announces-first-fulfillment-center-el-paso,2020,https://press.aboutamazon.com
Amazon,1,a,/news-releases/news-release-details/amazon-2020-smb-impact-report-highlights-success-small-and,2020,https://press.aboutamazon.com
Amazon,1,a,/news-releases/news-release-details/amazoncom-webcast-second-quarter-2020-financial-results,2020,https://press.aboutamazon.com
Amazon,1,a,/news-releases/news-release-details/climate-pledge-and-we-mean-business-coalition-partner,2020,https://press.aboutamazon.com
Amazon,1,a,/news-releases/news-release-details/aws-announces-amazon-interactive-video-service-amazon-ivs,2020,https://press.aboutamazon.com
Amazon,1,a,/news-releases/news-release-details/amazon-announces-new-pflugerville-fulfillment-center,2020,https://press.aboutamazon.com
Amazon,1,a,/news-releases/news-release-details/amazon-music-announces-breakthrough-new-global-developing-artist,2020,https://press.aboutamazon.com
Amazon,1,a,/news-releases/news-release-details/aws-and-hsbc-reach-long-term-strategic-cloud-agreement,2020,https://press.aboutamazon.com
Amazon,1,a,/news-releases/news-release-details/amazon-makes-health-care-access-even-easier-employees-launch-new,2020,https://press.aboutamazon.com
Amazon,1,a,/news-releases/news-release-details/aws-announces-general-availability-aws-iot-sitewise,2020,https://press.aboutamazon.com
Amazon,1,a,/news-releases/news-release-details/amazon-reveals-top-10-states-most-digital-entrepreneurs-capita,2020,https://press.aboutamazon.com
Amazon,1,a,/news-releases/news-release-details/amazon-announces-first-fulfillment-center-and-second-delivery,2020,https://press.aboutamazon.com
Amazon,1,a,/news-releases/news-release-details/capella-space-goes-all-aws,2020,https://press.aboutamazon.com
Amazon,1,a,/news-releases/news-release-details/aws-announces-general-availability-amazon-codeguru,2020,https://press.aboutamazon.com
Amazon,1,a,/news-releases/news-release-details/ihs-markit-selects-aws-its-preferred-cloud-infrastructure,2020,https://press.aboutamazon.com
Amazon,1,a,/news-releases/news-release-details/amazon-secures-naming-rights-future-home-seattles-new-nhl,2020,https://press.aboutamazon.com
Amazon,1,a,/news-releases/news-release-details/aws-announces-amazon-honeycode,2020,https://press.aboutamazon.com
Amazon,1,a,/news-releases/news-release-details/amazon-announces-2020s-best-books-year-so-far,2020,https://press.aboutamazon.com
Amazon,1,a,/news-releases/news-release-details/amazon-establishes-counterfeit-crimes-unit-bring-counterfeiters,2020,https://press.aboutamazon.com
Amazon,1,a,/news-releases/news-release-details/amazon-funding-computer-science-education-132-elementary-schools,2020,https://press.aboutamazon.com
Amazon,1,a,/news-releases/news-release-details/amazon-announces-2-billion-climate-pledge-fund-invest-companies,2020,https://press.aboutamazon.com
Amazon,1,a,/news-releases/news-release-details/amazon-funding-computer-science-education-all-154-elementary,2020,https://press.aboutamazon.com
Amazon,1,a,/news-releases/news-release-details/aws-and-formula-1-announce-new-racing-performance-stats-2020,2020,https://press.aboutamazon.com
Amazon,1,a,/news-releases/news-release-details/amazon-and-valentino-file-joint-lawsuit-against-new-york-based,2020,https://press.aboutamazon.com
Amazon,1,a,/news-releases/news-release-details/aws-announces-general-availability-aws-snowcone,2020,https://press.aboutamazon.com
Amazon,1,a,/news-releases/news-release-details/aws-preferred-cloud-provider-genesys-cloud-customer-experience,2020,https://press.aboutamazon.com
Amazon,1,a,/news-releases/news-release-details/infosys-joins-climate-pledge-commitment-co-founded-amazon-and,2020,https://press.aboutamazon.com
Amazon,1,a,/news-releases/news-release-details/correcting-and-replacing-verizon-joins-amazon-and-global,2020,https://press.aboutamazon.com
Amazon,1,a,/news-releases/news-release-details/aws-announces-general-availability-sixth-generation-amazon-ec2,2020,https://press.aboutamazon.com
Amazon,1,a,/news-releases/news-release-details/amazon-stops-multiple-fraudulent-affiliate-marketing-schemes,2020,https://press.aboutamazon.com
Amazon,1,a,/news-releases/news-release-details/aws-and-slack-join-forces-deliver-future-enterprise-workplace,2020,https://press.aboutamazon.com
Amazon,1,a,/news-releases/news-release-details/amazon-air-expands-aircraft-fleet,2020,https://press.aboutamazon.com
Amazon,1,a,/news-releases/news-release-details/amazon-literary-partnership-announces-2020-grant-recipients,2020,https://press.aboutamazon.com
Amazon,1,a,/news-releases/news-release-details/amazon-funds-urban-greening-program-increase-climate-resilience,2020,https://press.aboutamazon.com
Amazon,1,a,/news-releases/news-release-details/amazon-web-services-and-bundesliga-deliver-real-time-game,2020,https://press.aboutamazon.com
Amazon,1,a,/news-releases/news-release-details/marys-place-opens-washington-states-largest-family-shelter,2020,https://press.aboutamazon.com
Amazon,1,a,/news-releases/news-release-details/amazon-announces-five-new-utility-scale-solar-projects-power,2020,https://press.aboutamazon.com
Amazon,1,a,/news-releases/news-release-details/hunt-level-adapt-amazon-games-launches-crucible,2020,https://press.aboutamazon.com
Amazon,1,a,/news-releases/news-release-details/amazon-help-local-retailers-grow-their-businesses-online,2020,https://press.aboutamazon.com
Amazon,1,a,/news-releases/news-release-details/lyell-immunopharma-goes-all-aws-its-cloud-provider,2020,https://press.aboutamazon.com
Amazon,1,a,/news-releases/news-release-details/amazon-studios-provide-1-million-jon-vinnys-restaurant-feed,2020,https://press.aboutamazon.com
Amazon,1,a,/news-releases/news-release-details/aws-announces-major-enhancements-amazon-macie,2020,https://press.aboutamazon.com
Amazon,1,a,/news-releases/news-release-details/amazon-announces-new-tablets-entire-family-all-new-fire-hd-8,2020,https://press.aboutamazon.com
Amazon,1,a,/news-releases/news-release-details/tc-energy-goes-all-aws,2020,https://press.aboutamazon.com
Amazon,1,a,/news-releases/news-release-details/aws-announces-general-availability-amazon-kendra,2020,https://press.aboutamazon.com
Amazon,1,a,/news-releases/news-release-details/amazon-original-series-regular-heroes-premiere-may-8,2020,https://press.aboutamazon.com
Amazon,1,a,/news-releases/news-release-details/aws-announces-general-availability-ultrawarm-amazon,2020,https://press.aboutamazon.com
Amazon,1,a,/news-releases/news-release-details/amazoncom-announces-first-quarter-results,2020,https://press.aboutamazon.com
Amazon,1,a,/news-releases/news-release-details/national-football-league-and-amazon-renew-and-expand-streaming,2020,https://press.aboutamazon.com
Amazon,1,a,/news-releases/news-release-details/amazon-donates-39-million-codeva-expand-computer-science,2020,https://press.aboutamazon.com
Amazon,1,a,/news-releases/news-release-details/aws-launches-region-italy,2020,https://press.aboutamazon.com
Amazon,1,a,/news-releases/news-release-details/aws-announces-general-availability-amazon-augmented-artificial,2020,https://press.aboutamazon.com
Amazon,1,a,/news-releases/news-release-details/aws-announces-general-availability-amazon-keyspaces-apache,2020,https://press.aboutamazon.com
Amazon,1,a,/news-releases/news-release-details/happiness-continues-jonas-brothers-fans-all-new-concert,2020,https://press.aboutamazon.com
Amazon,1,a,/news-releases/news-release-details/aws-announces-amazon-appflow,2020,https://press.aboutamazon.com
Amazon,1,a,/news-releases/news-release-details/aws-launches-region-south-africa,2020,https://press.aboutamazon.com
Amazon,1,a,/news-releases/news-release-details/part-its-plan-be-net-zero-carbon-2040-amazon-commits-10-million,2020,https://press.aboutamazon.com
Amazon,1,a,/news-releases/news-release-details/amazoncom-webcast-first-quarter-2020-financial-results,2020,https://press.aboutamazon.com
Amazon,1,a,/news-releases/news-release-details/amazon-donates-8200-laptops-seattle-public-school-elementary,2020,https://press.aboutamazon.com
Amazon,1,a,/news-releases/news-release-details/aws-announces-general-availability-amazon-detective,2020,https://press.aboutamazon.com
Amazon,1,a,/news-releases/news-release-details/amazon-continues-renewable-energy-investments-wind-and-solar,2020,https://press.aboutamazon.com
Amazon,1,a,/news-releases/news-release-details/kids-are-back-amazon-prime-video-bring-back-kids-hall-new,2020,https://press.aboutamazon.com
Amazon,1,a,/news-releases/news-release-details/amazon-reveals-top-10-states-cities-and-top-categories-most,2020,https://press.aboutamazon.com
Amazon,1,a,/news-releases/news-release-details/3m-selects-aws-its-preferred-cloud-provider-enterprise-it,2020,https://press.aboutamazon.com
Amazon,1,a,/news-releases/news-release-details/second-spectrum-selects-aws-its-preferred-cloud-machine-learning,2020,https://press.aboutamazon.com
Amazon,1,a,/news-releases/news-release-details/amazon-announces-first-ever-amazon-future-engineer-teacher-year,2020,https://press.aboutamazon.com
Amazon,1,a,/news-releases/news-release-details/amazon-announces-first-iowa-fulfillment-center,2020,https://press.aboutamazon.com
Amazon,1,a,/news-releases/news-release-details/carrier-selects-aws-its-preferred-cloud-provider-drive-digital,2020,https://press.aboutamazon.com
Amazon,1,a,/news-releases/news-release-details/amazon-expands-santa-barbara-and-announces-plans-create-150-tech,2020,https://press.aboutamazon.com
Amazon,1,a,/news-releases/news-release-details/amazon-invested-15-billion-and-launched-225-new-tools-and,2020,https://press.aboutamazon.com
Amazon,1,a,/news-releases/news-release-details/amazoncom-announces-fourth-quarter-sales-21-874-billion,2020,https://press.aboutamazon.com
Amazon,1,a,/news-releases/news-release-details/amazon-donates-2-million-seattle-based-nonprofits-expand-access,2020,https://press.aboutamazon.com
Amazon,1,a,/news-releases/news-release-details/amazoncom-webcast-fourth-quarter-2019-financial-results,2020,https://press.aboutamazon.com
Amazon,1,a,/news-releases/news-release-details/bundesliga-goes-all-aws-revolutionize-football-viewing,2020,https://press.aboutamazon.com
Amazon,1,a,/news-releases/news-release-details/amazon-fire-tv-introduces-expanded-suite-features-and-new,2020,https://press.aboutamazon.com
Amazon,2,a,/news-releases/news-release-details/amazon-announces-first-fulfillment-center-amarillo-tx,2021,https://press.aboutamazon.com
Amazon,2,a,/news-releases/news-release-details/amazon-music-launches-new-shopping-experience-making-it-easier,2021,https://press.aboutamazon.com
Amazon,2,a,/news-releases/news-release-details/aws-announces-new-lower-cost-storage-classes-amazon-elastic-file,2021,https://press.aboutamazon.com
Amazon,2,a,/news-releases/news-release-details/pga-tour-selects-aws-its-official-cloud-provider,2021,https://press.aboutamazon.com
Amazon,2,a,/news-releases/news-release-details/aws-launches-second-region-japan,2021,https://press.aboutamazon.com
Amazon,2,a,/news-releases/news-release-details/aws-announces-general-availability-amazon-lookout-vision,2021,https://press.aboutamazon.com
Amazon,2,a,/news-releases/news-release-details/amazon-donates-15-million-codeorg-create-new-equity-minded,2021,https://press.aboutamazon.com
Amazon,2,a,/news-releases/news-release-details/20-new-companies-spanning-agriculture-renewable-energy,2021,https://press.aboutamazon.com
Amazon,2,a,/news-releases/news-release-details/amazon-receives-2021-fmi-food-safety-innovation-award,2021,https://press.aboutamazon.com
Amazon,2,a,/news-releases/news-release-details/amazon-and-salvatore-ferragamo-file-two-joint-lawsuits-against,2021,https://press.aboutamazon.com
Amazon,2,a,/news-releases/news-release-details/aws-and-bundesliga-enhance-real-time-game-analysis-new,2021,https://press.aboutamazon.com
Amazon,2,a,/news-releases/news-release-details/aws-teams-national-hockey-league-be-official-cloud,2021,https://press.aboutamazon.com
Amazon,2,a,/news-releases/news-release-details/amazon-and-dutch-blitz-file-joint-lawsuit-against-counterfeiters,2021,https://press.aboutamazon.com
Amazon,2,a,/news-releases/news-release-details/national-ipr-center-and-amazons-operation-fulfilled-action,2021,https://press.aboutamazon.com
Amazon,2,a,/news-releases/news-release-details/amazon-continues-investment-tennessee-alcoa-fulfillment-center,2021,https://press.aboutamazon.com
Amazon,2,a,/news-releases/news-release-details/amazoncom-announces-financial-results-and-ceo-transition,2021,https://press.aboutamazon.com
Amazon,2,a,/news-releases/news-release-details/amazon-expands-boston-tech-hub-plans-create-3000-new-jobs,2021,https://press.aboutamazon.com
Amazon,2,a,/news-releases/news-release-details/amazoncom-webcast-fourth-quarter-2020-financial-results,2021,https://press.aboutamazon.com
Amazon,2,a,/news-releases/news-release-details/amazon-teams-pharrell-williams-yellow-and-georgia-tech-launch,2021,https://press.aboutamazon.com
Amazon,2,a,/news-releases/news-release-details/amazon-expands-investment-metro-detroit-creates-thousands-new,2021,https://press.aboutamazon.com
Amazon,2,a,/news-releases/news-release-details/amazon-launches-2-billion-housing-equity-fund-make-over-20000,2021,https://press.aboutamazon.com
Amazon,2,a,/news-releases/news-release-details/amazon-continues-expand-its-transportation-fleet-purchased,2021,https://press.aboutamazon.com
